pueblos_indigenas,promedio_ingreso
0,617099.0189810194
1,465818.70967741933
