pueblos_indigenas,promedio_ingreso
0,624245.2808246595
1,494642.3860845838
